"Name","Address","Website","Type","Awards offered","Campus setting","Campus housing","Student population","Undergraduate students","Graduation Rate","Transfer-Out Rate","Cohort Year *","Net Price **","Largest Program","IPEDS ID","OPE ID"
"Abcott Institute","16250 Northland Drive, Suite 205, Southfield, Michigan 48075-5227","www.abcott.edu","< 2-year, Private for-profit","Less than one year certificate|One but less than two years certificate","City: Small","No","60","60","70%","NA","2015-16","$18,100","Nursing Assistant/Aide and Patient Care Assistant/Aide","461892","04183300"
"Adrian College","110 S Madison St, Adrian, Michigan 49221-2575","www.adrian.edu","4-year, Private not-for-profit","Associate's degree|Bachelor's degree|Master's degree","Town: Distant","Yes","1856","1817","45%","3%","Fall 2012","$26,710","-","168528","00223400"
"Albion College","611 E Porter St, Albion, Michigan 49224","www.albion.edu","4-year, Private not-for-profit","Bachelor's degree","Town: Fringe","Yes","1533","1533","64%","NA","Fall 2012","$17,663","-","168546","00223500"
"Alma College","614 W Superior, Alma, Michigan 48801-1599","alma.edu","4-year, Private not-for-profit","Bachelor's degree","Town: Distant","Yes","1433","1433","64%","NA","Fall 2012","$22,830","-","168591","00223600"
"Alpena Community College","665 Johnson St, Alpena, Michigan 49707","www.alpenacc.edu","4-year, primarily associate's, Public","Less than one year certificate|One but less than two years certificate|Associate's degree|Bachelor's degree","Rural: Fringe","Yes","1429","1429","32%","22%","Fall 2012","$3,183","-","168607","00223700"
"Andrews University","4150 Administration Drive, Room 136, Berrien Springs, Michigan 49104","www.andrews.edu","4-year, Private not-for-profit","Less than one year certificate|Associate's degree|Bachelor's degree|Postbaccalaureate certificate|Master's degree|Post-master's certificate|Doctor's degree - research/scholarship|Doctor's degree - other","Town: Fringe","Yes","3407","1702","58%","26%","Fall 2012","$21,820","-","168740","00223800"
"Aquinas College","1700 Fulton St. E, Grand Rapids, Michigan 49506-1801","www.aquinas.edu","4-year, Private not-for-profit","Associate's degree|Bachelor's degree|Master's degree","City: Midsize","Yes","1758","1578","61%","30%","Fall 2012","$18,513","-","168786","00223900"
"Baker College","1050 West Bristol Road, Flint, Michigan 48507-5508","www.baker.edu","4-year, primarily associate's, Private not-for-profit","Less than one year certificate|One but less than two years certificate|Associate's degree|Bachelor's degree|Postbaccalaureate certificate|Master's degree|Doctor's degree - research/scholarship","Suburb: Large","Yes","9332","8974","19%","NA","Fall 2012","$12,877","-","168847","00467300"
"Baker College Center for Graduate Studies","1050 W Bristol Rd, Flint, Michigan 48507-1290","www.baker.edu","4-year, Private not-for-profit","One but less than two years certificate|Associate's degree|Bachelor's degree|Postbaccalaureate certificate|Master's degree|Doctor's degree - research/scholarship","Suburb: Large","No","","","NA","NA","Fall 2012","NA","-","16884710","00467313"
"Baker College of Allen Park","4500 Enterprise Dr, Allen Park, Michigan 48101-9600","www.baker.edu","4-year, Private not-for-profit","Less than one year certificate|One but less than two years certificate|Associate's degree|Bachelor's degree|Postbaccalaureate certificate","Suburb: Large","No","","","NA","NA","Fall 2012","NA","-","16884702","00467317"
"Baker College of Auburn Hills","1500 University Drive, Auburn Hills, Michigan 48326-9600","www.baker.edu","4-year, Private not-for-profit","Less than one year certificate|One but less than two years certificate|Associate's degree|Bachelor's degree|Postbaccalaureate certificate","Suburb: Large","No","","","NA","NA","Fall 2012","NA","-","16884703","00467305"
"Baker College of Cadillac","9600 E 13th St, Cadillac, Michigan 49601-9600","www.baker.edu","4-year, Private not-for-profit","Less than one year certificate|One but less than two years certificate|Associate's degree|Bachelor's degree|Postbaccalaureate certificate","Town: Remote","Yes","","","NA","NA","Fall 2012","NA","-","16884704","00467301"
"Baker College of Clinton Township","34950 Little Mack Ave, Clinton Township, Michigan 48035-9600","www.baker.edu","4-year, Private not-for-profit","Less than one year certificate|One but less than two years certificate|Associate's degree|Bachelor's degree|Postbaccalaureate certificate","Suburb: Large","No","","","NA","NA","Fall 2012","NA","-","16884705","00467302"
"Baker College of Jackson","2800 Springport Rd, Jackson, Michigan 49202-1290","www.baker.edu","4-year, Private not-for-profit","Less than one year certificate|One but less than two years certificate|Associate's degree|Bachelor's degree|Postbaccalaureate certificate","Suburb: Small","No","","","NA","NA","Fall 2012","NA","-","16884706","00467309"
"Baker College of Muskegon","1903 Marquette Ave, Muskegon, Michigan 49442-1290","www.baker.edu","4-year, Private not-for-profit","Less than one year certificate|One but less than two years certificate|Associate's degree|Bachelor's degree|Postbaccalaureate certificate","City: Small","Yes","","","NA","NA","Fall 2012","NA","-","16884707","00467303"
"Baker College of Owosso","1020 S. Washington Street, Owosso, Michigan 48867-9600","www.baker.edu","4-year, Private not-for-profit","Less than one year certificate|One but less than two years certificate|Associate's degree|Bachelor's degree|Postbaccalaureate certificate","Town: Distant","Yes","","","NA","NA","Fall 2012","NA","-","16884701","00467304"
"Baker College of Port Huron","3403 Lapeer Road, Port Huron, Michigan 48060-1290","www.baker.edu/","4-year, Private not-for-profit","Less than one year certificate|One but less than two years certificate|Associate's degree|Bachelor's degree","Suburb: Small","Yes","","","NA","NA","Fall 2012","NA","-","16884709","00467343"
"Bay de Noc Community College","2001 N Lincoln Road, Escanaba, Michigan 49829-2511","https://www.baycollege.edu","2-year, Public","Less than one year certificate|One but less than two years certificate|Associate's degree","Town: Remote","Yes","1935","1935","32%","21%","Fall 2015","$7,927","-","168883","00224000"
"Bay Mills Community College","12214 W Lakeshore Dr, Brimley, Michigan 49715","www.bmcc.edu","4-year, primarily associate's, Public","Less than one year certificate|One but less than two years certificate|Associate's degree|Two but less than 4 years certificate|Bachelor's degree","Rural: Distant","No","477","477","18%","17%","Fall 2012","$5,449","-","380359","03066600"
"Bayshire Academy of Beauty Craft Inc","917 Saginaw St, Bay City, Michigan 48708-5614","www.bayshirebeautyacademy.edu","< 2-year, Private for-profit","Less than one year certificate|One but less than two years certificate","City: Small","No","125","125","82%","NA","2015-16","$4,575","Cosmetology/Cosmetologist, General","168892","02285700"
"Brighton Institute of Cosmetology","10543 Citation Drive, Brighton, Michigan 48116-8360","www.brightoninstitute.net","< 2-year, Private for-profit","Less than one year certificate|One but less than two years certificate","Suburb: Midsize","No","43","43","64%","NA","2015-16","$10,716","Cosmetology/Cosmetologist, General","477002","04211200"
"Cadillac Institute of Cosmetology","205 North Mitchell Street, Cadillac, Michigan 49601-1800","instituteofcos.com","< 2-year, Private for-profit","Less than one year certificate|One but less than two years certificate","Town: Remote","No","12","12","67%","NA","2015-16","$8,927","Cosmetology/Cosmetologist, General","421665","03109700"
"Calvin College","3201 Burton Street SE, Grand Rapids, Michigan 49546","www.calvin.edu","4-year, Private not-for-profit","One but less than two years certificate|Associate's degree|Bachelor's degree|Master's degree","City: Midsize","Yes","3732","3625","77%","NA","Fall 2012","$25,851","-","169080","00224100"
"Calvin Theological Seminary","3233 Burton St SE, Grand Rapids, Michigan 49546-4387","www.calvinseminary.edu","4-year, Private not-for-profit","Postbaccalaureate certificate|Master's degree|Doctor's degree - research/scholarship","City: Midsize","Yes","334","","NA","NA","Fall 2012","NA","-","169099","00224200"
"Career Quest Learning Center-Bay City Branch","3900 State Street Road Ste 200, Bay City, Michigan 48706-1234","www.careerquest.edu","2-year, Private for-profit","Less than one year certificate|One but less than two years certificate|Associate's degree","Suburb: Small","No","65","65","NA","NA","Fall 2015","$26,785","Medical/Clinical Assistant","493424","03915304"
"Career Quest Learning Center-Mt. Pleasant","2116 South Mission Street, Mount Pleasant, Michigan 48858-4427","www.careerquest.edu","2-year, Private for-profit","Less than one year certificate|One but less than two years certificate|Associate's degree","Town: Distant","No","60","60","NA","NA","Fall 2015","$22,864","Medical/Clinical Assistant","490568","03915303"
"Career Quest Learning Centers-Jackson","209 E Washington Ave, Ste 241, Jackson, Michigan 48901","www.careerquest.edu","2-year, Private for-profit","Less than one year certificate|One but less than two years certificate|Associate's degree","City: Small","No","111","111","38%","NA","Fall 2015","$23,391","Medical/Clinical Assistant","454306","03915301"
"Career Quest Learning Centers-Lansing","3215 S. Pennsylvania Avenue, Lansing, Michigan 48910","www.careerquest.edu","2-year, Private for-profit","Less than one year certificate|One but less than two years certificate|Associate's degree","City: Midsize","No","167","167","53%","NA","Fall 2015","$23,785","Medical/Clinical Assistant","446136","03915300"
"Carnegie Institute","550 Stephenson Hwy Suite 100, Troy, Michigan 48083","www.carnegie-institute.edu","2-year, Private for-profit","Less than one year certificate|One but less than two years certificate|Two but less than 4 years certificate","City: Small","No","134","134","93%","7%","Fall 2015","$16,362","-","169187","00761700"
"Central Michigan University","106 Warriner Hall, Mount Pleasant, Michigan 48859","https://www.cmich.edu","4-year, Public","Bachelor's degree|Postbaccalaureate certificate|Master's degree|Post-master's certificate|Doctor's degree - research/scholarship|Doctor's degree - professional practice","Town: Distant","Yes","21622","16387","62%","NA","Fall 2012","$14,372","-","169248","00224300"
"Chamberlain University-Michigan","200 Kirts Boulevard, Suite C, Troy, Michigan 48084-5286","https://www.chamberlain.edu/","4-year, Private for-profit","Bachelor's degree","City: Small","No","299","299","NA","NA","Fall 2012","NA","-","486947","00638516"
"Cleary University","3750 Cleary Drive, Howell, Michigan 48843","www.cleary.edu","4-year, Private not-for-profit","Less than one year certificate|Associate's degree|Bachelor's degree|Postbaccalaureate certificate|Master's degree","Suburb: Midsize","Yes","594","474","38%","NA","Fall 2012","$18,646","-","169327","00224600"
"College for Creative Studies","201 E Kirby, Detroit, Michigan 48202","https://www.collegeforcreativestudies.edu","4-year, Private not-for-profit","Less than one year certificate|Bachelor's degree|Master's degree","City: Large","Yes","1485","1417","62%","7%","Fall 2012","$39,067","-","169442","00677100"
"Compass College of Cinematic Arts","41 Sheldon Blvd SE, Grand Rapids, Michigan 49503","compass.edu","4-year, Private not-for-profit","Associate's degree|Bachelor's degree","City: Midsize","No","129","129","86%","NA","Fall 2012","$21,677","-","459417","04163300"
"Concordia University-Ann Arbor","4090 Geddes Rd, Ann Arbor, Michigan 48105","https://www.cuaa.edu","4-year, Private not-for-profit","Associate's degree|Bachelor's degree|Master's degree|Post-master's certificate","City: Midsize","Yes","1197","999","39%","NA","Fall 2012","$25,088","-","169363","00384256"
"Cornerstone University","1001 E Beltline Ave NE, Grand Rapids, Michigan 49525-5897","www.cornerstone.edu","4-year, Private not-for-profit","Associate's degree|Bachelor's degree|Master's degree|Doctor's degree - research/scholarship","City: Midsize","Yes","2131","1625","55%","NA","Fall 2012","$20,461","-","170037","00226600"
"Cranbrook Academy of Art","39221  Woodward Avenue, Bloomfield Hills, Michigan 48304","https://cranbrookart.edu/","4-year, Private not-for-profit","Master's degree","Suburb: Large","Yes","130","","NA","NA","Fall 2012","NA","-","169424","00224800"
"Creative Hair School of Cosmetology","4205 Miller Rd Suite 4-7, Flint, Michigan 48507","creativehairschool.com","< 2-year, Private for-profit","Less than one year certificate|One but less than two years certificate","Suburb: Large","No","31","31","NA","NA","2015-16","$10,188","Cosmetology/Cosmetologist, General","169813","04055300"
"Davenport University","6191 Kraft Avenue S.E., Grand Rapids, Michigan 49512-9396","www.davenport.edu","4-year, Private not-for-profit","One but less than two years certificate|Associate's degree|Bachelor's degree|Postbaccalaureate certificate|Master's degree|Post-master's certificate","Suburb: Large","Yes","6746","5329","49%","NA","Fall 2012","$17,169","-","169479","00224900"
"Davenport University - Macomb CC","44575 Garfield Rd, UCI, Clinton Township, Michigan 48038-1139","","4-year, Private not-for-profit","Bachelor's degree|Postbaccalaureate certificate","Suburb: Large","No","","","NA","NA","Fall 2012","NA","-","16947923","00224950"
"Davenport University - Schoolcraft College","18600 Haggerty Road, Livonia, Michigan 48152-3932","","4-year, Private not-for-profit","Bachelor's degree|Postbaccalaureate certificate","City: Small","No","","","NA","NA","Fall 2012","NA","-","16947924","00224951"
"Davenport University - Treasury Site Dimondale","Dept of Treasury Operations Center, Dimondale, Michigan 48821-5004","","4-year, Private not-for-profit","One but less than two years certificate|Associate's degree|Bachelor's degree|Postbaccalaureate certificate|Master's degree","Suburb: Large","No","","","NA","NA","Fall 2012","NA","-","16947921",""
"Davenport University - Wayne CCCD","Mary Ellen Stemple Univ. Campus, Belleville, Michigan 48111-1404","","4-year, Private not-for-profit","Bachelor's degree|Postbaccalaureate certificate","Suburb: Large","No","","","NA","NA","Fall 2012","NA","-","16947922","00224949"
"Davenport University-Flint Location","1401 East Court Street, Fenton, Michigan 48503","www.davenport.edu","4-year, Private not-for-profit","One but less than two years certificate|Associate's degree|Bachelor's degree|Postbaccalaureate certificate|Master's degree|Post-master's certificate","City: Small","No","","","NA","NA","Fall 2012","NA","-","16947910","00224930"
"Davenport University-Grand Rapids Downtown","45 Ottawa NW, Grand Rapids, Michigan 49503-9121","davenport.edu","4-year, Private not-for-profit","Master's degree|Post-master's certificate","City: Midsize","No","","","NA","NA","Fall 2012","NA","-","16947920","00224946"
"Davenport University-Holland Location","643 S Waverly Rd, Holland, Michigan 49423-9121","www.davenport.edu","4-year, Private not-for-profit","One but less than two years certificate|Associate's degree|Bachelor's degree|Postbaccalaureate certificate|Master's degree|Post-master's certificate","City: Small","No","","","NA","NA","Fall 2012","NA","-","16947909","00224907"
"Davenport University-Kalamazoo Location","6767 West O Avenue, Kalamazoo, Michigan 49003-4070","www.davenport.edu","4-year, Private not-for-profit","One but less than two years certificate|Associate's degree|Bachelor's degree|Postbaccalaureate certificate|Master's degree|Post-master's certificate","Suburb: Midsize","No","","","NA","NA","Fall 2012","NA","-","16947904","00224902"
"Davenport University-Lansing Location","200 S. Grand Ave, Lansing, Michigan 48933-2197","www.davenport.edu","4-year, Private not-for-profit","One but less than two years certificate|Associate's degree|Bachelor's degree|Postbaccalaureate certificate|Master's degree|Post-master's certificate","City: Midsize","No","","","NA","NA","Fall 2012","NA","-","16947905","00224901"
"Davenport University-Livonia Location","19499 Victor Parkway, Livonia, Michigan 48152-9069","www.davenport.edu","4-year, Private not-for-profit","One but less than two years certificate|Associate's degree|Bachelor's degree|Postbaccalaureate certificate|Master's degree|Post-master's certificate","City: Small","No","","","NA","NA","Fall 2012","NA","-","16947918","00224951"
"Davenport University-Midland Location","3555 E Patrick Rd, Midland, Michigan 48642-3799","www.davenport.edu","4-year, Private not-for-profit","One but less than two years certificate|Associate's degree|Bachelor's degree|Postbaccalaureate certificate|Master's degree|Post-master's certificate","City: Small","No","","","NA","NA","Fall 2012","NA","-","16947907","00224942"
"Davenport University-Traverse City Location","2200 Dendrinos Dr, Ste. 104, Traverse City, Michigan 49684-9121","www.davenport.edu","4-year, Private not-for-profit","Bachelor's degree|Postbaccalaureate certificate|Master's degree|Post-master's certificate","Town: Remote","No","","","NA","NA","Fall 2012","NA","-","16947912","00224914"
"Davenport University-Warren Location","27650 Dequindre Rd, Warren, Michigan 48092-5209","www.davenport.edu","4-year, Private not-for-profit","One but less than two years certificate|Associate's degree|Bachelor's degree|Postbaccalaureate certificate|Master's degree|Post-master's certificate","City: Midsize","No","","","NA","NA","Fall 2012","NA","-","16947903","00224931"
"David Pressley School of Cosmetology","1127 S Washington St, Royal Oak, Michigan 48067-3219","davidpressleyschool.com","< 2-year, Private for-profit","Less than one year certificate|One but less than two years certificate","Suburb: Large","No","218","218","64%","NA","2015-16","$12,845","Cosmetology/Cosmetologist, General","169503","01082700"
"Delta College","1961 Delta Road, University Center, Michigan 48710","www.delta.edu","2-year, Public","Less than one year certificate|One but less than two years certificate|Associate's degree|Two but less than 4 years certificate","Rural: Fringe","No","8080","8080","15%","22%","Fall 2015","$4,256","-","169521","00225100"
"Detroit Business Institute-Downriver","19100 Fort St, Riverview, Michigan 48193","www.dbidownriver.edu","< 2-year, Private for-profit","One but less than two years certificate","Suburb: Large","No","52","52","75%","NA","2015-16","NA","Licensed Practical/Vocational Nurse Training","169576","03005700"
"Dorsey Business Schools-Dearborn","18660 Ford Rd, Detroit, Michigan 48228","www.dorsey.edu","< 2-year, Private for-profit","One but less than two years certificate","City: Large","No","337","337","20%","NA","2015-16","$25,912","-","483504","00469210"
"Dorsey Business Schools-Madison Heights","31739 John R Road, Madison Heights, Michigan 48071","www.dorsey.edu","< 2-year, Private for-profit","One but less than two years certificate","Suburb: Large","No","398","398","29%","NA","2015-16","$24,762","-","169734","00469202"
"Dorsey Business Schools-Roseville","31522 Gratiot Ave., Roseville, Michigan 48066","www.dorsey.edu","< 2-year, Private for-profit","One but less than two years certificate","Suburb: Large","No","440","440","36%","NA","2015-16","$23,802","-","250744","00469204"
"Dorsey Business Schools-Roseville Culinary Academy","31522 Gratiot Ave., Roseville, Michigan 48066","www.dorsey.edu","< 2-year, Private for-profit","One but less than two years certificate","Suburb: Large","No","113","113","47%","NA","2015-16","$27,574","-","455558","00469206"
"Dorsey Business Schools-Saginaw","4390 Bay Rd, Saginaw, Michigan 48603","www.dorsey.edu","< 2-year, Private for-profit","Less than one year certificate|One but less than two years certificate","Suburb: Midsize","No","157","157","29%","NA","2015-16","$27,274","-","460482","00469208"
"Dorsey Business Schools-Southgate","15755 Northline Rd, Southgate, Michigan 48195","www.dorsey.edu","< 2-year, Private for-profit","Less than one year certificate|One but less than two years certificate","Suburb: Large","No","104","104","82%","NA","2015-16","$25,005","-","169761","00469200"
"Dorsey Business Schools-Waterford Pontiac","440 N Telegraph Rd, Pontiac, Michigan 48341","www.dorsey.edu","< 2-year, Private for-profit","One but less than two years certificate","City: Small","No","104","104","48%","NA","2015-16","$27,485","-","458380","00469207"
"Dorsey Business Schools-Wayne","35005 Michigan Avenue, Wayne, Michigan 48184","www.dorsey.edu","< 2-year, Private for-profit","Less than one year certificate|One but less than two years certificate","Suburb: Large","No","290","290","25%","NA","2015-16","$22,844","-","247153","00469201"
"Douglas J Aveda Institute","331 East Grand River Ave, East Lansing, Michigan 48823","www.douglasj.edu/","< 2-year, Private for-profit","Less than one year certificate|One but less than two years certificate","City: Small","No","793","793","65%","NA","2015-16","$17,192","Cosmetology/Cosmetologist, General","261436","02588200"
"DSDT","1759 W. 20th Street, Detroit, Michigan 48216","https://dsdt.edu","< 2-year, Private for-profit","Less than one year certificate","City: Large","No","61","61","100%","NA","2015-16","$15,848","Film/Video and Photographic Arts, Other","492139","04275200"
"Eastern Michigan University","401 Pierce Hall, Ypsilanti, Michigan 48197","www.emich.edu","4-year, Public","Bachelor's degree|Postbaccalaureate certificate|Master's degree|Post-master's certificate|Doctor's degree - research/scholarship","Suburb: Large","Yes","19123","16022","45%","NA","Fall 2012","$15,687","-","169798","00225900"
"Ecumenical Theological Seminary","2930 Woodward Ave, Detroit, Michigan 48201-3035","www.etseminary.edu","4-year, Private not-for-profit","Less than one year certificate|Two but less than 4 years certificate|Master's degree|Doctor's degree - research/scholarship","City: Large","No","14","10","NA","NA","Fall 2012","NA","-","247162","04002400"
"Elevate Salon Institute","4050 Crooks Rd., Royal Oak, Michigan 48073","esiroyaloak.com","< 2-year, Private for-profit","Less than one year certificate|One but less than two years certificate","Suburb: Large","No","93","93","33%","NA","2015-16","$14,667","Cosmetology/Cosmetologist, General","451282","04121100"
"Empire Beauty School-Michigan","3583 Alpine Ave NW, Grand Rapids, Michigan 49544","www.empire.edu","< 2-year, Private for-profit","Less than one year certificate|One but less than two years certificate","Suburb: Large","No","225","225","61%","NA","2015-16","$15,076","Cosmetology/Cosmetologist, General","169284","00817800"
"Ferris State University","1201 S State St, Big Rapids, Michigan 49307-2251","www.ferris.edu/","4-year, Public","Less than one year certificate|Associate's degree|Bachelor's degree|Postbaccalaureate certificate|Master's degree|Doctor's degree - research/scholarship|Doctor's degree - professional practice","Town: Distant","Yes","13250","11896","49%","26%","Fall 2012","$13,351","-","169910","00226000"
"Finlandia University","601 Quincy St, Hancock, Michigan 49930-1832","www.finlandia.edu","4-year, Private not-for-profit","Associate's degree|Bachelor's degree","Town: Remote","Yes","456","456","31%","NA","Fall 2012","$23,394","-","172440","00232200"
"Flint Institute of Barbering Inc","3214 Flushing Road, Flint, Michigan 48504-4395","www.flintinstituteofbarberinginc.com","2-year, Private for-profit","Two but less than 4 years certificate","City: Small","No","36","36","64%","NA","Fall 2015","$897","Barbering/Barber","169947","01109800"
"French Academy of Cosmetology","111 W Exchange St Ste A, Spring Lake, Michigan 49456","www.frenchacademyofcosmetology.com","< 2-year, Private for-profit","Less than one year certificate|One but less than two years certificate","Suburb: Midsize","No","50","50","82%","NA","2015-16","$21,226","Cosmetology/Cosmetologist, General","455062","04141100"
"Glen Oaks Community College","62249 Shimmel Rd, Centreville, Michigan 49032-9719","www.glenoaks.edu/","2-year, Public","Less than one year certificate|One but less than two years certificate|Associate's degree","Rural: Distant","Yes","1201","1201","26%","31%","Fall 2015","$6,900","-","169974","00226300"
"Gogebic Community College","E4946 Jackson Rd, Ironwood, Michigan 49938","www.gogebic.edu","2-year, Public","Less than one year certificate|One but less than two years certificate|Associate's degree","Rural: Fringe","Yes","996","996","29%","18%","Fall 2015","$7,235","-","169992","00226400"
"Grace Christian University","1011 Aldon SW, Wyoming, Michigan 49509","www.gracechristian.edu/","4-year, Private not-for-profit","Associate's degree|Bachelor's degree|Master's degree","City: Small","Yes","1016","981","37%","NA","Fall 2012","$13,041","-","170000","00226500"
"Grand Rapids Community College","143 Bostwick Ave NE, Grand Rapids, Michigan 49503-3295","https://www.grcc.edu","2-year, Public","Less than one year certificate|One but less than two years certificate|Associate's degree","City: Midsize","No","13788","13788","19%","25%","Fall 2015","$7,546","-","170055","00226700"
"Grand Valley State University","1 Campus Dr, Allendale, Michigan 49401-9403","www.gvsu.edu","4-year, Public","Bachelor's degree|Postbaccalaureate certificate|Master's degree|Post-master's certificate|Doctor's degree - professional practice","Suburb: Large","Yes","24677","21680","66%","16%","Fall 2012","$17,184","-","170082","00226800"
"Great Lakes Christian College","6211 W Willow Hwy, Lansing, Michigan 48917-1299","www.glcc.edu","4-year, Private not-for-profit","Associate's degree|Bachelor's degree","Suburb: Large","Yes","149","149","16%","NA","Fall 2012","$14,346","-","170091","00226900"
"Henry Ford College","5101 Evergreen Rd, Dearborn, Michigan 48128-1495","https://www.hfcc.edu","4-year, primarily associate's, Public","Less than one year certificate|One but less than two years certificate|Associate's degree|Bachelor's degree","City: Small","No","12219","12219","6%","36%","Fall 2012","$3,299","-","170240","00227000"
"Hillsdale Beauty College","64 Waldron St, Hillsdale, Michigan 49242","www.hillsdalebeautycollege.com","< 2-year, Private for-profit","Less than one year certificate|One but less than two years certificate","Town: Distant","No","22","22","80%","5%","2015-16","$8,949","Cosmetology/Cosmetologist, General","168555","02595700"
"Hillsdale College","33 E College St, Hillsdale, Michigan 49242","https://www.hillsdale.edu","4-year, Private not-for-profit","Bachelor's degree|Master's degree|Doctor's degree - research/scholarship","Town: Distant","Yes","1521","1468","87%","7%","Fall 2012","$21,918","-","170286",""
"Hope College","100 E. 8th Street, Suite 260, Holland, Michigan 49422-9000","https://www.hope.edu","4-year, Private not-for-profit","Bachelor's degree","City: Small","Yes","3149","3149","79%","NA","Fall 2012","$27,812","-","170301","00227300"
"International Cosmetology Academy","940 28th St SE, Grand Rapids, Michigan 49508","www.icatoday.com","< 2-year, Private for-profit","Less than one year certificate|One but less than two years certificate","City: Midsize","No","28","28","47%","NA","2015-16","$16,394","Cosmetology/Cosmetologist, General","455053","04140900"
"Irene's Myomassology Institute","26061 Franklin Road, Southfield, Michigan 48033","www.irenes.edu","< 2-year, Private for-profit","Less than one year certificate","City: Small","No","324","324","61%","NA","2015-16","$30,279","Massage Therapy/Therapeutic Massage","443137","03588300"
"Jackson College","2111 Emmons Rd, Jackson, Michigan 49201-8399","www.jccmi.edu","4-year, primarily associate's, Public","Less than one year certificate|One but less than two years certificate|Associate's degree|Bachelor's degree","Rural: Fringe","Yes","5083","5083","14%","34%","Fall 2012","$8,634","-","170444","00227400"
"Kalamazoo College","1200 Academy St, Kalamazoo, Michigan 49006-3295","www.kzoo.edu","4-year, Private not-for-profit","Bachelor's degree","City: Small","Yes","1467","1467","79%","NA","Fall 2012","$25,903","-","170532","00227500"
"Kalamazoo Valley Community College","6767 West O Ave, Kalamazoo, Michigan 49003-4070","https://www.kvcc.edu","2-year, Public","Less than one year certificate|One but less than two years certificate|Associate's degree|Two but less than 4 years certificate","Suburb: Midsize","No","8069","8069","16%","23%","Fall 2015","$4,174","-","170541","00694900"
"Kellogg Community College","450 North Ave, Battle Creek, Michigan 49017-3397","www.kellogg.edu","2-year, Public","Less than one year certificate|One but less than two years certificate|Associate's degree","City: Small","No","4245","4245","15%","10%","Fall 2015","$7,096","-","170550","00227600"
"Kettering University","1700 University Avenue, Flint, Michigan 48504-6214","https://www.kettering.edu/","4-year, Private not-for-profit","Bachelor's degree|Postbaccalaureate certificate|Master's degree","City: Small","Yes","2315","1880","63%","NA","Fall 2012","$39,036","-","169983","00226200"
"Keweenaw Bay Ojibwa Community College","111 Beartown Road, Baraga, Michigan 49908-0000","www.kbocc.edu","2-year, Public","Less than one year certificate|One but less than two years certificate|Associate's degree","Rural: Remote","No","84","84","0%","25%","Fall 2015","$10,266","-","461315","04164700"
"Keweenaw Bay Ojibwa Community College - Wabanung Campus","770 N Main St, L'Anse, Michigan 49946-0000","www.kbocc.edu","2-year, Public","Less than one year certificate|One but less than two years certificate|Associate's degree","Rural: Remote","No","","","NA","NA","Fall 2015","NA","-","46131501","04164701"
"Kirtland Community College","10775 N Saint Helen Road, Roscommon, Michigan 48653","www.kirtland.edu","2-year, Public","Less than one year certificate|One but less than two years certificate|Associate's degree","Rural: Remote","No","1489","1489","19%","21%","Fall 2015","$5,891","-","170587","00717100"
"Kuyper College","3333 East Beltline Ave NE, Grand Rapids, Michigan 49525-9781","www.kuyper.edu","4-year, Private not-for-profit","Less than one year certificate|One but less than two years certificate|Associate's degree|Bachelor's degree|Master's degree","Suburb: Large","Yes","161","161","56%","NA","Fall 2012","$18,754","-","171881","00231100"
"Lake Michigan College","2755 East Napier Avenue, Benton Harbor, Michigan 49022-1899","https://www.lakemichigancollege.edu","4-year, primarily associate's, Public","Less than one year certificate|One but less than two years certificate|Associate's degree|Bachelor's degree","Rural: Fringe","Yes","3202","3202","15%","26%","Fall 2012","$7,438","-","170620","00227700"
"Lake Superior State University","650 W Easterday Ave, Sault Ste Marie, Michigan 49783","www.lssu.edu","4-year, Public","One but less than two years certificate|Associate's degree|Bachelor's degree","Town: Remote","Yes","1991","1991","54%","28%","Fall 2012","$11,272","-","170639","00229300"
"Lakewood School of Therapeutic Massage","1102 6th St, Port Huron, Michigan 48060","lakewoodschool.com","< 2-year, Private for-profit","Less than one year certificate","Suburb: Small","No","24","24","NA","NA","2015-16","NA","Massage Therapy/Therapeutic Massage","451291","03968300"
"Lansing Community College","419 N Capitol Ave, Lansing, Michigan 48901-7210","www.lcc.edu","2-year, Public","Less than one year certificate|One but less than two years certificate|Associate's degree|Two but less than 4 years certificate","City: Midsize","No","11771","11771","19%","29%","Fall 2015","$4,069","-","170657","00227800"
"Lawrence Technological University","21000 West Ten Mile Road, Southfield, Michigan 48075-1058","www.ltu.edu","4-year, Private not-for-profit","One but less than two years certificate|Associate's degree|Bachelor's degree|Postbaccalaureate certificate|Master's degree|Doctor's degree - research/scholarship","City: Small","Yes","2915","2172","58%","21%","Fall 2012","$30,222","-","170675","00227900"
"L'esprit Academy","42083 Ford Road, Canton, Michigan 48187","www.lespritacademy.com","< 2-year, Private for-profit","Less than one year certificate|One but less than two years certificate","Suburb: Large","No","139","139","62%","NA","2015-16","$18,012","Cosmetology/Cosmetologist, General","457633","04158400"
"L'esprit Academy - Royal Oak","501 South Washington Avenue, Royal Oak, Michigan 48067-3825","lespritacademy.com","< 2-year, Private for-profit","Less than one year certificate|One but less than two years certificate","Suburb: Large","No","","","NA","NA","2015-16","NA","Cosmetology/Cosmetologist, General","45763301","04158401"
"M J Murphy Beauty College of Mount Pleasant","201 W Broadway, Mount Pleasant, Michigan 48858","mjmbc.net/","< 2-year, Private for-profit","Less than one year certificate|One but less than two years certificate","Town: Distant","No","26","26","77%","NA","2015-16","$4,686","Cosmetology/Cosmetologist, General","170736","01321800"
"Macomb Community College","14500 E Twelve Mile Rd, Warren, Michigan 48088-3896","www.macomb.edu","2-year, Public","Less than one year certificate|One but less than two years certificate|Associate's degree","City: Midsize","No","20220","20220","11%","26%","Fall 2015","$8,161","-","170790","00890600"
"Madonna University","36600 Schoolcraft Rd, Livonia, Michigan 48150-1176","https://www.madonna.edu","4-year, Private not-for-profit","Less than one year certificate|One but less than two years certificate|Associate's degree|Two but less than 4 years certificate|Bachelor's degree|Postbaccalaureate certificate|Master's degree|Post-master's certificate|Doctor's degree - professional practice","City: Small","Yes","3044","2440","61%","25%","Fall 2012","$16,415","-","170806","00228200"
"Marketti Academy of Cosmetology","4390 Dixie Hwy, Waterford, Michigan 48329","www.marketticosmetology.com/","< 2-year, Private for-profit","Less than one year certificate|One but less than two years certificate","Suburb: Large","No","53","53","62%","NA","2015-16","$10,605","Cosmetology/Cosmetologist, General","457642","04159300"
"Marygrove College","8425 W. McNichols Rd., Detroit, Michigan 48221-2599","https://www.marygrove.edu","4-year, Private not-for-profit","Postbaccalaureate certificate|Master's degree","City: Large","No","355","","39%","NA","Fall 2012","NA","-","170842","00228400"
"MIAT College of Technology","2955 S Haggerty, Canton, Michigan 48188","www.miat.edu","2-year, Private for-profit","Less than one year certificate|One but less than two years certificate|Associate's degree|Two but less than 4 years certificate","Suburb: Large","No","845","845","65%","NA","Fall 2015","$17,836","-","169655","02060300"
"Michigan Barber School Inc","8988-90 Grand River Avenue, Detroit, Michigan 48204-2244","michiganbarberschool.org","2-year, Private not-for-profit","Two but less than 4 years certificate","City: Large","No","185","185","11%","NA","Fall 2015","$7,392","Barbering/Barber","171012","02361500"
"Michigan Career and Technical Institute","11611 West Pine Lake Road, Plainwell, Michigan 49080-9254","www.michigan.gov/MCTI","< 2-year, Public","Less than one year certificate|One but less than two years certificate","Rural: Distant","Yes","218","218","76%","NA","2015-16","$8,213","-","172422","02618400"
"Michigan College of Beauty-Monroe","1020 S. Monroe St., Monroe, Michigan 48161","MichiganCollegeBeauty.com","< 2-year, Private for-profit","Less than one year certificate|One but less than two years certificate","Suburb: Small","No","117","117","73%","2%","2015-16","$11,744","Cosmetology/Cosmetologist, General","170611","02324500"
"Michigan College of Beauty-Troy","3498 Rochester Rd, Troy, Michigan 48083","michigancollegeofbeautytroy.com","< 2-year, Private for-profit","Less than one year certificate|One but less than two years certificate","City: Small","No","309","309","80%","NA","2015-16","$15,150","Cosmetology/Cosmetologist, General","381370","02125600"
"Michigan School of Psychology","26811 Orchard Lake Rd., Farmington Hills, Michigan 48334-4512","www.msp.edu","4-year, Private not-for-profit","Master's degree|Post-master's certificate|Doctor's degree - professional practice","City: Small","No","181","","NA","NA","Fall 2012","NA","-","169220","02198900"
"Michigan State University","East Lansing, Michigan 48824-1046","https://www.msu.edu","4-year, Public","One but less than two years certificate|Bachelor's degree|Postbaccalaureate certificate|Master's degree|Post-master's certificate|Doctor's degree - research/scholarship|Doctor's degree - professional practice","City: Small","Yes","50351","39423","80%","12%","Fall 2012","$16,227","-","171100","00229000"
"Michigan State University-College of Law","648 N. Shaw Lane, Room 368, East Lansing, Michigan 48824-1300","www.law.msu.edu","4-year, Private not-for-profit","Master's degree|Doctor's degree - professional practice","City: Small","No","777","","NA","NA","Fall 2012","NA","-","169628","00225400"
"Michigan Technological University","1400 Townsend Drive, Houghton, Michigan 49931-1295","www.mtu.edu","4-year, Public","Less than one year certificate|Associate's degree|Bachelor's degree|Postbaccalaureate certificate|Master's degree|Doctor's degree - research/scholarship","Town: Remote","Yes","7172","5797","68%","21%","Fall 2012","$17,175","-","171128","00229200"
"Mid Michigan College","1375 S Clare Ave, Harrison, Michigan 48625-9447","www.midmich.edu","2-year, Public","Less than one year certificate|One but less than two years certificate|Associate's degree","Rural: Fringe","No","3802","3802","14%","24%","Fall 2015","$6,431","-","171155","00676800"
"Monroe County Community College","1555 South Raisinville Road, Monroe, Michigan 48161-9746","www.monroeccc.edu","2-year, Public","Less than one year certificate|One but less than two years certificate|Associate's degree","Rural: Fringe","No","2920","2920","20%","22%","Fall 2015","$4,468","-","171225","00229400"
"Montcalm Community College","2800 College Dr., Sidney, Michigan 48885-9723","www.montcalm.edu","2-year, Public","Less than one year certificate|One but less than two years certificate|Associate's degree","Rural: Distant","No","1667","1667","31%","16%","Fall 2015","$6,712","-","171234","00229500"
"Moody Theological Seminary and Graduate School--Michigan","41550 East Ann Arbor Trail, Plymouth, Michigan 48170-4308","https://www.moody.edu/moody-theological-seminary-michigan/","4-year, Private not-for-profit","Postbaccalaureate certificate|Master's degree","Suburb: Large","","","","NA","NA","Fall 2012","NA","-","14736901","00172725"
"Mott Community College","1401 E Court St, Flint, Michigan 48503-2089","https://www.mcc.edu","2-year, Public","Less than one year certificate|One but less than two years certificate|Associate's degree|Two but less than 4 years certificate","City: Small","No","7715","7715","16%","26%","Fall 2015","$5,291","-","169275","00226100"
"Muskegon Community College","221 S Quarterline Rd, Muskegon, Michigan 49442-1432","www.muskegoncc.edu","2-year, Public","Less than one year certificate|One but less than two years certificate|Associate's degree|Two but less than 4 years certificate","City: Small","No","4078","4078","16%","31%","Fall 2015","$3,637","-","171304","00229700"
"North Central Michigan College","1515 Howard St, Petoskey, Michigan 49770","www.ncmich.edu","2-year, Public","Less than one year certificate|One but less than two years certificate|Associate's degree","Rural: Fringe","Yes","2329","2329","22%","21%","Fall 2015","$3,519","-","171395","00229900"
"Northern Michigan University","1401 Presque Isle Avenue, Marquette, Michigan 49855-5301","www.nmu.edu","4-year, Public","Less than one year certificate|One but less than two years certificate|Associate's degree|Two but less than 4 years certificate|Bachelor's degree|Postbaccalaureate certificate|Master's degree|Post-master's certificate|Doctor's degree - professional practice","Town: Remote","Yes","7595","7089","47%","NA","Fall 2012","$14,243","-","171456","00230100"
"Northwestern Michigan College","1701 E Front St, Traverse City, Michigan 49686","https://www.nmc.edu/","4-year, primarily associate's, Public","Less than one year certificate|One but less than two years certificate|Associate's degree|Two but less than 4 years certificate|Bachelor's degree","Town: Remote","Yes","3727","3727","23%","25%","Fall 2012","$8,273","-","171483","00230200"
"Northwestern Technological Institute","24567 Northwestern Hwy Ste 200, Southfield, Michigan 48075","www.northwesterntech.edu","< 2-year, Private for-profit","Less than one year certificate","City: Small","No","751","751","61%","NA","2015-16","$37,034","Heating, Ventilation, Air Conditioning and Refrigeration Engineering Technology/Technician","168573","03124000"
"Northwood University","4000 Whiting Dr, Midland, Michigan 48640-2398","www.northwood.edu","4-year, Private not-for-profit","Associate's degree|Bachelor's degree|Master's degree","City: Small","Yes","3177","2827","49%","36%","Fall 2012","$22,671","-","171492","00407200"
"Nuvo College of Cosmetology","919 w Norton Ave, Norton Shores, Michigan 49441","www.nuvocollege.com","< 2-year, Private for-profit","Less than one year certificate|One but less than two years certificate","Suburb: Midsize","No","87","87","85%","NA","2015-16","$12,222","Cosmetology/Cosmetologist, General","447980","04006300"
"Oakland Community College","2480 Opdyke Rd, Bloomfield Hills, Michigan 48304-2266","https://www.oaklandcc.edu","2-year, Public","Less than one year certificate|One but less than two years certificate|Associate's degree","Suburb: Large","No","15411","15411","12%","37%","Fall 2015","$2,902","-","171535","00230300"
"Oakland University","2200 North Squirrel Road, Rochester Hills, Michigan 48309-4401","www.oakland.edu","4-year, Public","Bachelor's degree|Postbaccalaureate certificate|Master's degree|Post-master's certificate|Doctor's degree - research/scholarship|Doctor's degree - professional practice","Suburb: Large","Yes","19309","15799","55%","8%","Fall 2012","$12,384","-","171571","00230700"
"Olivet College","320 South Main Street, Olivet, Michigan 49076","https://www.olivetcollege.edu","4-year, Private not-for-profit","Bachelor's degree|Master's degree","Rural: Distant","Yes","1098","1055","48%","NA","Fall 2012","$21,979","-","171599","00230800"
"P&A Scholars Beauty School","12001 Grandriver Avenue, Detroit, Michigan 48204","www.pandascholars.com","< 2-year, Private for-profit","Less than one year certificate|One but less than two years certificate","City: Large","No","278","278","70%","NA","2015-16","$11,072","Cosmetology/Cosmetologist, General","391005","04014300"
"Paul Mitchell The School-Farmington Hills","27590 Orchard Lake Road, Farmington Hills, Michigan 48334-1300","paulmitchell.edu/farmingtonhills","< 2-year, Private for-profit","Less than one year certificate|One but less than two years certificate","City: Small","No","125","125","100%","NA","2015-16","$18,877","Cosmetology/Cosmetologist, General","484093","04230200"
"Paul Mitchell the School-Grand Rapids","2855 29th Street SE Suite B, Kentwood, Michigan 49512-1781","paulmitchell.edu/grandrapids","< 2-year, Private for-profit","Less than one year certificate|One but less than two years certificate","Suburb: Large","No","96","96","73%","NA","2015-16","$12,088","Cosmetology/Cosmetologist, General","172680","04230500"
"Paul Mitchell the School-Great Lakes","2950 Lapeer Road, Port Huron, Michigan 48060","paulmitchell.edu/porthuron","< 2-year, Private for-profit","Less than one year certificate|One but less than two years certificate","Suburb: Small","No","80","80","71%","NA","2015-16","$13,522","Cosmetology/Cosmetologist, General","446288","03907300"
"Paul Mitchell the School-Lansing","125 North Clippert Street, Lansing, Michigan 48912-4686","paulmitchell.edu/lansing/","< 2-year, Private for-profit","Less than one year certificate|One but less than two years certificate","City: Midsize","No","44","44","100%","NA","2015-16","$20,777","Cosmetology/Cosmetologist, General","484118","04230400"
"Paul Mitchell the School-Michigan","40688 Van Dyke Ave, Sterling Heights, Michigan 48313","paulmitchell.edu/sterlingheights","< 2-year, Private for-profit","Less than one year certificate|One but less than two years certificate","Suburb: Large","No","183","183","71%","NA","2015-16","$13,362","Cosmetology/Cosmetologist, General","449977","02531806"
"Port Huron Cosmetology College","5620 Dixie Hwy, Waterford, Michigan 48329","www.michigancollegeofbeauty.com/","< 2-year, Private for-profit","Less than one year certificate|One but less than two years certificate","Suburb: Large","No","47","47","26%","NA","2015-16","$10,529","Cosmetology/Cosmetologist, General","171775","00894600"
"Princess Beauty School","25861 Ford Road, Suite A, Dearborn Heights, Michigan 48127-2999","www.princessbeautyschool.com","< 2-year, Private for-profit","One but less than two years certificate","Suburb: Large","No","20","20","89%","NA","2015-16","$12,550","Cosmetology/Cosmetologist, General","486327","04231800"
"Protege Academy","4960 Northwind Dr., East Lansing, Michigan 48823-8660","www.protegeacademy.com","< 2-year, Private for-profit","Less than one year certificate|One but less than two years certificate","Suburb: Large","No","41","41","50%","NA","2015-16","$11,090","Cosmetology/Cosmetologist, General","461944","04184700"
"Protege Academy","4884 E Pickard St, Mt. Pleasant, Michigan 48858-2058","www.protegeacademy.com","< 2-year, Private for-profit","Less than one year certificate|One but less than two years certificate","Town: Distant","No","29","29","77%","NA","2015-16","$9,394","Cosmetology/Cosmetologist, General","487083","04184701"
"Rochester College","800 West Avon Road, Rochester Hills, Michigan 48307","www.rc.edu","4-year, Private not-for-profit","Associate's degree|Bachelor's degree|Master's degree","Suburb: Large","Yes","1098","1065","37%","NA","Fall 2012","$16,281","-","170967","00228800"
"Ross Medical Education Center - Kalamazoo","5177 West Main Street, Suite A, Kalamazoo, Michigan 49009-1003","www.rosseducation.edu","< 2-year, Private for-profit","Less than one year certificate|One but less than two years certificate","Suburb: Midsize","No","72","72","NA","NA","2015-16","$19,591","Medical/Clinical Assistant","490814","02099708"
"Ross Medical Education Center-Ann Arbor","4741 Washtenaw Ave, Ann Arbor, Michigan 48108-1411","www.rosseducation.edu","< 2-year, Private for-profit","One but less than two years certificate","Suburb: Large","No","73","73","70%","NA","2015-16","$18,256","Medical/Clinical Assistant","261685","02339701"
"Ross Medical Education Center-Brighton","8110 Murphy Drive, Brighton, Michigan 48116","www.rosseducation.edu","< 2-year, Private for-profit","One but less than two years certificate","Suburb: Midsize","No","60","60","85%","NA","2015-16","$16,968","Medical/Clinical Assistant","261676","02339700"
"Ross Medical Education Center-Canton","44958 Ford Rd, Canton, Michigan 48187","www.rosseducation.edu","< 2-year, Private for-profit","One but less than two years certificate","Suburb: Large","No","86","86","83%","NA","2015-16","$17,592","Medical/Clinical Assistant","460127","02099705"
"Ross Medical Education Center-Davison","815 S State St, Davison, Michigan 48423","www.rosseducation.edu","< 2-year, Private for-profit","One but less than two years certificate","Suburb: Large","No","98","98","86%","NA","2015-16","$16,426","Medical/Clinical Assistant","460093","02339703"
"Ross Medical Education Center-Flint","G3630 Miller Road, Suite D, Flint, Michigan 48507","www.rosseducation.edu","< 2-year, Private for-profit","One but less than two years certificate","Suburb: Large","No","128","128","79%","NA","2015-16","$17,520","Medical/Clinical Assistant","172015","02099700"
"Ross Medical Education Center-Grand Rapids North","1624 Woodworth NE, Grand Rapids, Michigan 49525-2473","www.rosseducation.edu","< 2-year, Private for-profit","One but less than two years certificate","Suburb: Large","No","96","96","NA","NA","2015-16","$18,461","Medical/Clinical Assistant","490841","02533606"
"Ross Medical Education Center-Kentwood","4528 Breton Road, SE, Kentwood, Michigan 49508","www.rosseducation.edu","< 2-year, Private for-profit","One but less than two years certificate","Suburb: Large","No","169","169","78%","NA","2015-16","$18,805","Medical/Clinical Assistant","365833","02533601"
"Ross Medical Education Center-Lansing","4106 W Saginaw Hwy, Lansing, Michigan 48917","www.rosseducation.edu","< 2-year, Private for-profit","One but less than two years certificate","Suburb: Large","No","105","105","80%","NA","2015-16","$17,504","Medical/Clinical Assistant","171988","02533600"
"Ross Medical Education Center-Madison Heights","29429 John R Road, Madison Heights, Michigan 48071","www.rosseducation.edu","< 2-year, Private for-profit","One but less than two years certificate","Suburb: Large","No","173","173","77%","NA","2015-16","$16,944","Medical/Clinical Assistant","171997","02180100"
"Ross Medical Education Center-Midland","2600 N. Saginaw, Midland, Michigan 48640-2690","www.rosseducation.edu","< 2-year, Private for-profit","Less than one year certificate|One but less than two years certificate","City: Small","No","53","53","NA","NA","2015-16","$18,260","Medical/Clinical Assistant","488970","02339707"
"Ross Medical Education Center-New Baltimore","51133 Birch Street, Ste 100, New Baltimore, Michigan 48047","www.rosseducation.edu","< 2-year, Private for-profit","One but less than two years certificate","Suburb: Large","No","93","93","88%","NA","2015-16","$17,345","Medical/Clinical Assistant","452072","02180107"
"Ross Medical Education Center-Port Huron","2887 Krafft Road, Suite 700, Port Huron, Michigan 48060","www.rosseducation.edu","< 2-year, Private for-profit","One but less than two years certificate","Suburb: Small","No","65","65","86%","NA","2015-16","$17,550","Medical/Clinical Assistant","363013","02099702"
"Ross Medical Education Center-Portage","6235 S Westnedge, Portage, Michigan 49002","www.rosseducation.edu","< 2-year, Private for-profit","One but less than two years certificate","City: Small","No","103","103","70%","NA","2015-16","$19,130","Medical/Clinical Assistant","456515","02099704"
"Ross Medical Education Center-Roosevelt Park","950 Norton Avenue, Suite D, Roosevelt Park, Michigan 49441","www.rosseducation.edu","< 2-year, Private for-profit","One but less than two years certificate","Suburb: Midsize","No","155","155","83%","NA","2015-16","$18,614","Medical/Clinical Assistant","365824","02099703"
"Ross Medical Education Center-Saginaw","4300 Fashion Square Blvd., 2nd Floor, Suite 202, Saginaw, Michigan 48603","www.rosseducation.edu","< 2-year, Private for-profit","One but less than two years certificate","Suburb: Midsize","No","92","92","83%","NA","2015-16","$18,043","Medical/Clinical Assistant","247409","02099701"
"Ross Medical Education Center-Taylor","22311 Eureka Road, Taylor, Michigan 48180","www.rosseducation.edu","< 2-year, Private for-profit","One but less than two years certificate","City: Small","No","77","77","74%","NA","2015-16","$17,290","Medical/Clinical Assistant","367158","02180105"
"Sacred Heart Major Seminary","2701 Chicago Blvd, Detroit, Michigan 48206-1799","www.shms.edu","4-year, Private not-for-profit","Less than one year certificate|One but less than two years certificate|Associate's degree|Bachelor's degree|Postbaccalaureate certificate|Master's degree|Post-master's certificate","City: Large","Yes","480","293","100%","NA","Fall 2012","$26,142","-","172033","00231300"
"Saginaw Chippewa Tribal College","2274 Enterprise Dr, Mount Pleasant, Michigan 48858","www.sagchip.edu","2-year, Public","Associate's degree","Town: Distant","No","140","140","33%","NA","Fall 2015","$6,433","-","441070","03772300"
"Saginaw Valley State University","7400 Bay Rd, University Center, Michigan 48710","www.svsu.edu","4-year, Public","Bachelor's degree|Postbaccalaureate certificate|Master's degree|Post-master's certificate|Doctor's degree - professional practice","Suburb: Midsize","Yes","8515","7719","43%","NA","Fall 2012","$14,669","-","172051","00231400"
"School of Missionary Aviation Technology","84 E. Sprague Rd., Ionia, Michigan 48846","www.smat.edu","2-year, Private not-for-profit","Two but less than 4 years certificate","Rural: Fringe","No","20","20","90%","NA","Fall 2015","$13,384","Airframe Mechanics and Aircraft Maintenance Technology/Technician","480727","04207000"
"Schoolcraft College","18600 Haggerty Road, Livonia, Michigan 48152-2696","www.schoolcraft.edu","4-year, primarily associate's, Public","Less than one year certificate|One but less than two years certificate|Associate's degree|Bachelor's degree","City: Small","No","9895","9895","14%","30%","Fall 2012","$7,940","-","172200","00231500"
"Sharps Academy of Hair Styling","8166 N Holly Rd, Grand Blanc, Michigan 48439","www.sharpsacademyofhairstyling.com","< 2-year, Private for-profit","Less than one year certificate|One but less than two years certificate","Suburb: Large","No","19","19","100%","NA","2015-16","NA","Cosmetology/Cosmetologist, General","391759","03090000"
"Siena Heights University","1247 E. Siena Heights Dr., Adrian, Michigan 49221","www.sienaheights.edu","4-year, Private not-for-profit","One but less than two years certificate|Associate's degree|Bachelor's degree|Master's degree","Town: Distant","Yes","2433","2216","43%","42%","Fall 2012","$19,526","-","172264","00231600"
"South University-Novi","41555 W 12 Mile Rd, Novi, Michigan 48377","www.southuniversity.edu/novi#location=Novi,%20MI","4-year, Private for-profit","Associate's degree|Bachelor's degree|Master's degree|Post-master's certificate|Doctor's degree - research/scholarship|Doctor's degree - professional practice","City: Small","No","60","46","33%","NA","Fall 2012","NA","-","468024","01303914"
"Southwestern Michigan College","58900 Cherry Grove Rd, Dowagiac, Michigan 49047-9793","www.swmich.edu","2-year, Public","Less than one year certificate|One but less than two years certificate|Associate's degree","Rural: Fringe","Yes","2130","2130","28%","21%","Fall 2015","$9,078","-","172307","00231700"
"Specs Howard School of Media Arts","19900 W Nine Mile Rd, Southfield, Michigan 48075-3953","www.specshoward.edu","< 2-year, Private for-profit","One but less than two years certificate","City: Small","No","526","526","NA","NA","2015-16","NA","Radio and Television","172325","02237800"
"Spring Arbor University","106 E. Main St, Spring Arbor, Michigan 49283-9799","www.arbor.edu","4-year, Private not-for-profit","Associate's degree|Bachelor's degree|Postbaccalaureate certificate|Master's degree","Suburb: Small","Yes","3436","1807","57%","NA","Fall 2012","$20,000","-","172334","00231800"
"St Clair County Community College","323 Erie Street, Port Huron, Michigan 48061-5015","www.sc4.edu","2-year, Public","One but less than two years certificate|Associate's degree","Suburb: Small","Yes","3541","3541","25%","24%","Fall 2015","$4,110","-","172291","00231000"
"Taylortown School of Beauty Inc","23125 Ecorse Rd, Taylor, Michigan 48180-1866","www.dorsey.edu/dsb-taylor-info/","< 2-year, Private for-profit","Less than one year certificate|One but less than two years certificate","City: Small","No","166","166","28%","NA","2015-16","$18,538","Cosmetology/Cosmetologist, General","261719","02209200"
"Twin City Beauty College","2600 Lincoln  Avenue, Saint Joseph, Michigan 49085","WWW.TCBEAUTYCOLLEGE.COM","< 2-year, Private for-profit","Less than one year certificate|One but less than two years certificate","Suburb: Small","No","272","272","52%","2%","2015-16","$20,258","Cosmetology/Cosmetologist, General","172495","03075200"
"U.S. Truck Driver Training School","6500 15 Mile Road, Sterling Heights, Michigan 48312-4518","https://ustdts.edu/","< 2-year, Private for-profit","Less than one year certificate","Suburb: Large","No","173","173","NA","NA","2015-16","$10,396","Truck and Bus Driver/Commercial Vehicle Operator and Instructor","488837","04255100"
"University of Detroit Mercy","4001 W McNichols Rd, Detroit, Michigan 48221-3038","www.udmercy.edu","4-year, Private not-for-profit","Less than one year certificate|Two but less than 4 years certificate|Bachelor's degree|Postbaccalaureate certificate|Master's degree|Post-master's certificate|Doctor's degree - research/scholarship|Doctor's degree - professional practice","City: Large","Yes","5111","2880","65%","NA","Fall 2012","$22,016","-","169716","00232300"
"University of Michigan-Ann Arbor","503 Thompson Street, Ann Arbor, Michigan 48109","www.umich.edu","4-year, Public","Bachelor's degree|Postbaccalaureate certificate|Master's degree|Post-master's certificate|Doctor's degree - research/scholarship|Doctor's degree - professional practice","City: Midsize","Yes","46716","30318","92%","NA","Fall 2012","$16,856","-","170976","00232500"
"University of Michigan-Dearborn","4901 Evergreen Rd, Dearborn, Michigan 48128-1491","https://umdearborn.edu/","4-year, Public","Less than one year certificate|Bachelor's degree|Postbaccalaureate certificate|Master's degree|Doctor's degree - research/scholarship","City: Small","No","9460","7177","56%","NA","Fall 2012","$10,533","-","171137","00232600"
"University of Michigan-Flint","303 E. Kearsley Street, Flint, Michigan 48502-1950","www.umflint.edu","4-year, Public","Bachelor's degree|Postbaccalaureate certificate|Master's degree|Post-master's certificate|Doctor's degree - research/scholarship|Doctor's degree - professional practice","City: Small","Yes","7532","6097","46%","NA","Fall 2012","$12,519","-","171146","00232700"
"University of Phoenix-Michigan","26261 Evergreen Rd, Southfield, Michigan 48076","www.phoenix.edu","4-year, Private for-profit","Less than one year certificate|Associate's degree|Bachelor's degree|Master's degree","City: Small","No","52","47","8%","NA","Fall 2012","NA","-","484695","32098879"
"Walsh College","3838 Livernois, Troy, Michigan 48083-5066","www.walshcollege.edu","4-year, Private not-for-profit","Bachelor's degree|Postbaccalaureate certificate|Master's degree","City: Small","No","2006","802","NA","NA","Fall 2012","NA","-","172608","00407100"
"Washtenaw Community College","4800 E Huron River Dr, Ann Arbor, Michigan 48105-4800","www.wccnet.edu","2-year, Public","Less than one year certificate|One but less than two years certificate|Associate's degree","Suburb: Large","No","12264","12264","17%","25%","Fall 2015","$2,038","-","172617","00232800"
"Wayne County Community College District","801 W. Fort Street, Detroit, Michigan 48226","www.wcccd.edu","2-year, Public","Less than one year certificate|One but less than two years certificate|Associate's degree","City: Large","No","14957","14957","11%","24%","Fall 2015","$4,939","-","172635","00923000"
"Wayne State University","656 West Kirby Street, Detroit, Michigan 48202","www.wayne.edu","4-year, Public","Two but less than 4 years certificate|Bachelor's degree|Postbaccalaureate certificate|Master's degree|Post-master's certificate|Doctor's degree - research/scholarship|Doctor's degree - professional practice","City: Large","Yes","27025","17574","47%","33%","Fall 2012","$14,366","-","172644","00232900"
"West Michigan College of Barbering and Beauty","3200 South Westnedge Ave, Kalamazoo, Michigan 49008","westmichigancollegeofbarberingandbeauty.com","2-year, Private for-profit","Less than one year certificate|One but less than two years certificate|Two but less than 4 years certificate","City: Small","No","43","43","60%","NA","Fall 2015","$7,273","Cosmetology/Cosmetologist, General","152044","02491000"
"West Shore Community College","3000 N Stiles Rd, Scottville, Michigan 49454-0277","www.westshore.edu","2-year, Public","Less than one year certificate|One but less than two years certificate|Associate's degree|Two but less than 4 years certificate","Rural: Distant","No","1042","1042","33%","22%","Fall 2015","$3,782","-","172671","00795000"
"Western Michigan University","1903 W Michigan Ave, Kalamazoo, Michigan 49008-5200","https://wmich.edu/","4-year, Public","Less than one year certificate|One but less than two years certificate|Bachelor's degree|Postbaccalaureate certificate|Master's degree|Post-master's certificate|Doctor's degree - research/scholarship|Doctor's degree - professional practice","City: Small","Yes","22562","17760","53%","30%","Fall 2012","$15,863","-","172699","00233000"
"Western Michigan University Homer Stryker M.D. School of Medicine","300 Portage Street, Kalamazoo, Michigan 49007","med.wmich.edu","4-year, Private not-for-profit","Postbaccalaureate certificate|Master's degree|Doctor's degree - professional practice","City: Small","No","307","","NA","NA","Fall 2012","NA","-","490373","04262900"
"Western Michigan University-Thomas M. Cooley Law School","300 S Capitol Ave, Lansing, Michigan 48901","www.cooley.edu","4-year, Private not-for-profit","Master's degree|Doctor's degree - professional practice","City: Midsize","No","1325","","NA","NA","Fall 2012","NA","-","172477","01262700"
"Western Theological Seminary","101 E 13th St, Holland, Michigan 49423-3622","www.westernsem.edu","4-year, Private not-for-profit","Master's degree|Post-master's certificate|Doctor's degree - professional practice","City: Small","Yes","299","","NA","NA","Fall 2012","NA","-","172705","00233100"
"Wright Beauty Academy","492 Capital Ave SW, Battle Creek, Michigan 49015","wba.edu","< 2-year, Private for-profit","Less than one year certificate|One but less than two years certificate","City: Small","No","51","51","70%","10%","2015-16","$9,368","Cosmetology/Cosmetologist, General","172802","01229100"
"Yeshiva Gedolah of Greater Detroit","24600 Greenfield Rd, Oak Park, Michigan 48237","https://www.yeshivagedolahgreaterdetroit.com","4-year, Private not-for-profit","Bachelor's degree|Master's degree|Doctor's degree - research/scholarship","Suburb: Large","Yes","65","58","16%","63%","Fall 2012","$9,090","-","247773","02363800"
"","* Cohort Year represents the year for which students began their studies and applies to Graduation and Transfer Out Rates.","","","","","","","","","","","","","",""
"","** Net Price is Average Net Price for 2017-2018 generated for full-time beginning undergraduate students who were awarded grant or scholarship aid from federal, state or local governments, or the institution. For public institutions only students paying the in-state or in-district rate are included.  For institutions that charge students by program, net price is generated for the institutions largest program.","","","","","","","","","","","","","",""
"","NA (Not applicable) - Graduation rate, transfer-out rate and the net price are not applicable to institutions that do not have full-time, first-time degree-seeking undergraduate students in the applicable cohort year or the financial aid year.","","","","","","","","","","","","","",""
